Region,Total_Sales
West,713471.3445000012
East,672194.0540000005
Central,497800.87279999955
South,388983.58499999985
